{
	"partitions" : [
		{
			"name" : "Top",
			"pins" : [
				{
					"name" : "seg1[0]",
					"strict" : false
				},
				{
					"name" : "seg1[1]",
					"strict" : false
				},
				{
					"name" : "seg1[2]",
					"strict" : false
				},
				{
					"name" : "seg1[3]",
					"strict" : false
				},
				{
					"name" : "seg1[4]",
					"strict" : false
				},
				{
					"name" : "seg1[5]",
					"strict" : false
				},
				{
					"name" : "seg1[6]",
					"strict" : false
				},
				{
					"name" : "seg0[0]",
					"strict" : false
				},
				{
					"name" : "seg0[1]",
					"strict" : false
				},
				{
					"name" : "seg0[2]",
					"strict" : false
				},
				{
					"name" : "seg0[3]",
					"strict" : false
				},
				{
					"name" : "seg0[4]",
					"strict" : false
				},
				{
					"name" : "seg0[5]",
					"strict" : false
				},
				{
					"name" : "seg0[6]",
					"strict" : false
				},
				{
					"name" : "load",
					"strict" : false
				},
				{
					"name" : "seed[4]",
					"strict" : false
				},
				{
					"name" : "rst_n",
					"strict" : false
				},
				{
					"name" : "seed[5]",
					"strict" : false
				},
				{
					"name" : "seed[6]",
					"strict" : false
				},
				{
					"name" : "seed[7]",
					"strict" : false
				},
				{
					"name" : "seed[0]",
					"strict" : false
				},
				{
					"name" : "seed[1]",
					"strict" : false
				},
				{
					"name" : "seed[2]",
					"strict" : false
				},
				{
					"name" : "seed[3]",
					"strict" : false
				},
				{
					"name" : "clk",
					"strict" : false
				}
			]
		}
	]
}