{
	"partitions" : [
		{
			"name" : "Top",
			"pins" : [
				{
					"name" : "y[0]",
					"strict" : false
				},
				{
					"name" : "y[1]",
					"strict" : false
				},
				{
					"name" : "x0[0]",
					"strict" : false
				},
				{
					"name" : "x1[0]",
					"strict" : false
				},
				{
					"name" : "x2[0]",
					"strict" : false
				},
				{
					"name" : "x3[0]",
					"strict" : false
				},
				{
					"name" : "s[0]",
					"strict" : false
				},
				{
					"name" : "s[1]",
					"strict" : false
				},
				{
					"name" : "x0[1]",
					"strict" : false
				},
				{
					"name" : "x1[1]",
					"strict" : false
				},
				{
					"name" : "x2[1]",
					"strict" : false
				},
				{
					"name" : "x3[1]",
					"strict" : false
				}
			]
		}
	]
}